tfidf_score,semantic_score,skills_match,experience_match,education_match,missing_skills_ratio,match_score
95,96,95,100,100,5,96
90,92,90,100,100,10,92
88,90,85,100,100,10,89
85,87,90,90,100,10,87
82,85,85,90,100,15,84
80,82,80,90,100,15,81
78,80,80,85,100,20,79
75,78,75,85,90,20,77
72,75,75,80,90,25,74
70,72,70,80,90,25,71
68,70,70,75,90,30,69
65,68,65,75,90,30,67
62,65,65,70,85,35,64
60,62,60,70,85,35,62
58,60,60,65,80,40,59
55,58,55,65,80,40,57
52,55,55,60,80,45,54
50,52,50,60,75,45,51
48,50,50,55,75,50,49
45,48,45,55,70,50,47
42,45,45,50,70,55,44
40,42,40,50,65,55,42
38,40,40,45,65,60,40
35,38,35,45,60,60,37
32,35,35,40,60,65,34
30,32,30,40,55,65,32
28,30,30,35,55,70,30
25,28,25,35,50,70,27
22,25,25,30,50,75,24
20,22,20,30,45,75,22
18,20,20,25,45,80,20
15,18,15,25,40,80,17
12,15,15,20,35,85,14
10,12,10,20,30,85,12
8,10,10,15,30,90,10
5,8,5,15,25,90,7
3,5,5,10,20,95,5